{
    "rmse": 0.7377595290439055,
    "mae": 0.5896012332788036,
    "r2": 0.24964736183966452
}