{
    "rmse": 0.7441628482238855,
    "mae": 0.581704442537601,
    "r2": 0.23820901967383357
}